<?xml version="1.0" encoding="utf-8"?>
<ApplicationInstallerManifest>
   <DefaultInstallationDirectory>/Applications/HackingIsMakingIsEngineering/Simple_DSM_Structural_Analysis/</DefaultInstallationDirectory>
   <ApplicationName>Simple_DSM_Structural_Analysis</ApplicationName>
   <ExecutableName>application/Simple_DSM_Structural_Analysis.exe</ExecutableName>
   <GUID>48711788-3f00-4bc2-8858-4cc271c160a2</GUID>
   <ApplicationIcon>default_icon_48.png</ApplicationIcon>
   <Logo>default_logo.png</Logo>
   <Version>1.0</Version>
   <AuthorOrganization>HackingIsMakingIsEngineering</AuthorOrganization>
   <Summary>A simple program for exploring the direct stiffness method of structural analysis</Summary>
   <WelcomePanelText>Simple_DSM_Structural_Analysis 1.0
A simple program for exploring the direct stiffness method of structural analysis

www.hackingismakingisengineering.wordpress.com

Cameron Stewart
cstewart000@gmail.com</WelcomePanelText>
   <MCRProducts>
      <MCRProduct>
         <ExternalProductIdentifier>35000</ExternalProductIdentifier>
      </MCRProduct>
      <MCRProduct>
         <ExternalProductIdentifier>35010</ExternalProductIdentifier>
      </MCRProduct>
   </MCRProducts>
</ApplicationInstallerManifest>